Classification Level,Count
Flavobacteriaceae,21698
Streptosporangiaceae,3292
Acholeplasmataceae,4769
Prolixibacteraceae,16664
Bacillaceae,80911
Pseudomonadaceae,54440
Propionibacteriaceae,62769
Staphylococcaceae,142438
Oxalobacteraceae,10059
Chitinophagaceae,5880
Lactobacillaceae,40576
Lachnospiraceae,81830
Halothiobacillaceae,492
Comamonadaceae,40780
Streptococcaceae,80184
Mycoplasmataceae,3795
Moraxellaceae,37924
Microscillaceae,2278
Neisseriaceae,17132
Microcystaceae,1081
Bacteroidaceae,38678
Micrococcaceae,21494
Corynebacteriaceae,74331
Intrasporangiaceae,2197
Ruminococcaceae,23294
Alcaligenaceae,8135
Rhodobacteraceae,21199
Selenomonadaceae,3148
Thioglobaceae,2954
Enterobacteriaceae,83741
Polyangiaceae,668
Clade I,7460
Veillonellaceae,11073
Sulfurimonadaceae,1933
Erysipelatoclostridiaceae,3517
Nocardiaceae,7817
Mycobacteriaceae,13282
Aeromonadaceae,7419
Acetobacteraceae,5739
Morganellaceae,6107
Rhizobiales Incertae Sedis,1690
Hungateiclostridiaceae,4639
Enterococcaceae,15825
Weeksellaceae,14473
Microbacteriaceae,12920
Pasteurellaceae,18965
Nocardiopsaceae,1522
Exiguobacteraceae,2175
Clostridiaceae,13784
Streptomycetaceae,23686
Coleofasciculaceae,4435
Fusobacteriaceae,10389
Yersiniaceae,13413
Prevotellaceae,24507
Pectobacteriaceae,2047
Halomonadaceae,7243
Rhizobiaceae,23127
Peptostreptococcaceae,10012
Alteromonadaceae,3773
Pseudoalteromonadaceae,5471
Vibrionaceae,16274
Chlamydiaceae,967
Nitrincolaceae,1226
Oscillospiraceae,10941
Xanthomonadaceae,13955
Shewanellaceae,3122
Xanthobacteraceae,8828
Eurycoccales Incertae Sedis,31
Rhodanobacteraceae,2488
Desulfococcaceae,3829
Puniceicoccaceae,2100
Actinomycetaceae,6931
Erwiniaceae,7192
Geobacteraceae,1129
Moritellaceae,205
Listeriaceae,3831
Helicobacteraceae,2309
Burkholderiaceae,24762
Devosiaceae,1481
Limnotrichaceae,86
Rikenellaceae,8771
Phormidesmiaceae,161
Akkermansiaceae,2135
Solibacteraceae,1137
Synergistaceae,2610
Hyphomicrobiaceae,1691
Dysgonomonadaceae,1921
Fusibacteraceae,999
Atopobiaceae,1211
Sedimentibacteraceae,300
Sphingomonadaceae,16255
Bifidobacteriaceae,3283
Desulfatiglandaceae,1515
Spirochaetaceae,12751
Pirellulaceae,5701
Leptospiraceae,2019
Aerococcaceae,5134
Thermoanaerobaculaceae,1145
Bryobacteraceae,1599
Gemellaceae,6319
Microbulbiferaceae,289
Cyanobiaceae,5317
Desulfobacteraceae,936
Sulfurovaceae,2861
Paenibacillaceae,8067
Nitrospiraceae,1531
Ktedonobacteraceae,552
Alcanivoracaceae1,1858
Erysipelotrichaceae,6831
Sphingobacteriaceae,4473
Eubacteriaceae,524
Cytophagaceae,209
Beijerinckiaceae,6190
Brevibacillaceae,1881
Rhodocyclaceae,6661
Rhodothermaceae,4470
Arcobacteraceae,2293
Leptotrichiaceae,3057
Family XI,12802
Myxococcaceae,1535
Spirosomaceae,1524
Cyclobacteriaceae,2297
Tannerellaceae,3838
Gemmataceae,1150
Dermabacteraceae,1234
Chromobacteriaceae,982
Carnobacteriaceae,9800
Planococcaceae,7361
Halieaceae,1508
Brevibacteriaceae,1936
Succinivibrionaceae,1281
Gemmatimonadaceae,2190
Symbiobacteraceae,1362
Porphyromonadaceae,5320
Balneolaceae,629
Marinilabiliaceae,2996
Cardiobacteriaceae,1925
Desulfomicrobiaceae,293
Marinifilaceae,2487
Syntrophaceae,797
Campylobacteraceae,5045
Pseudonocardiaceae,4012
Rubinisphaeraceae,763
Parvibaculaceae,218
Arenicellaceae,450
Micavibrionaceae,246
Nitrosomonadaceae,2582
Christensenellaceae,4827
Saprospiraceae,5280
Methylophilaceae,2347
Phormidiaceae,1264
Salinivirgaceae,1221
Koribacteraceae,187
Blastocatellaceae,1354
Entomoplasmatales Incertae Sedis,241
Rickettsiaceae,941
Idiomarinaceae,1032
Caldicellulosiraptoraceae,648
Cellvibrionaceae,732
Nostocaceae,3881
Marinobacteraceae,2651
Promicromonosporaceae,858
Thermicanaceae,146
Azospirillales Incertae Sedis,108
Marinomonadaceae,527
Leptospirillaceae,677
Methylomonadaceae,1116
Blattabacteriaceae,900
Saccharimonadaceae,834
Steroidobacteraceae,1239
Syntrophobacteraceae,271
Anaerolineaceae,5863
Bdellovibrionaceae,1204
Pelotomaculaceae,236
Family III,173
Cyanobacteriaceae,306
Sandaracinaceae,551
Acidobacteriaceae (Subgroup 1),1627
Magnetospirillaceae,221
Chthonomonadaceae,48
Ectothiorhodospiraceae,939
Desulfurisporaceae,270
Hydrogenothermaceae,443
Caldilineaceae,451
Eggerthellaceae,1290
Endozoicomonadaceae,1457
Desulfotomaculales Incertae Sedis,106
Dietziaceae,1144
Omnitrophaceae,506
Acidithiobacillaceae,1821
Thiotrichaceae,1725
Halorhodospiraceae,162
Ilumatobacteraceae,1306
Desulfosarcinaceae,2939
Amoebophilaceae,536
Anaerovoracaceae,2423
Peptococcaceae,453
Acidaminococcaceae,2029
Sporichthyaceae,1609
Paludibacteraceae,883
Isosphaeraceae,784
Rhodospirillaceae,525
Desulfurivibrionaceae,190
Coriobacteriaceae,1717
A4b,31
Monoglobaceae,661
Methylophagaceae,644
Phaselicystidaceae,153
Sulfurospirillaceae,408
Hydrogenobaculaceae,327
Chroococcidiopsaceae,555
Woeseiaceae,1116
Francisellaceae,678
Phycisphaeraceae,1849
Sumerlaeaceae,614
Micromonosporaceae,4671
Colwelliaceae,1129
Desulfohalobiaceae,953
Nitrospinaceae,705
Actinomarinaceae,1955
Anaplasmataceae,2428
Diplorickettsiaceae,667
Thiomicrospiraceae,673
Desulfocapsaceae,2271
Spiroplasmataceae,468
Unknown Family,1779
Hafniaceae,1104
Desulfovibrionaceae,3029
Lentimicrobiaceae,845
Chthoniobacteraceae,1170
Desulfotomaculaceae,536
Dongiaceae,481
Flammeovirgaceae,132
Legionellaceae,1829
Gallionellaceae,869
Sutterellaceae,2415
Kyrpidiaceae,127
Deinococcaceae,1109
Petrotogaceae,440
Desulfitobacteriaceae,614
Nocardioidaceae,3212
Azospirillaceae,965
Nautiliaceae,109
Immundisolibacteraceae,297
Leptolyngbyaceae,2720
Rubidibacteraceae,572
Syntrophomonadaceae,456
Nitrococcaceae,194
Glycomycetaceae,213
Vampirovibrionaceae,35
Solimonadaceae,406
Caloramatoraceae,634
Butyricicoccaceae,837
Thermomonosporaceae,1148
Kineosporiaceae,320
Nitrosococcaceae,560
Thermoanaerobacteraceae,618
Thermaceae,985
Hydrogenophilaceae,1306
Defluviitaleaceae,301
Pedosphaeraceae,624
Caulobacteraceae,5039
Fokiniaceae,109
Cloacimonadaceae,737
Chromatiaceae,1507
Micrococcales Incertae Sedis,101
Orbaceae,609
Brachyspiraceae,684
Coxiellaceae,627
Stappiaceae,862
Opitutaceae,807
Fodinicurvataceae,166
Spongiibacteraceae,445
Labraceae,125
Thermomicrobiaceae,59
Beggiatoaceae,454
Deferribacteraceae,420
Alcanivoracaceae,85
Desulfonatronaceae,33
Aquificaceae,209
Iamiaceae,365
Hymenobacteraceae,2075
Mariprofundaceae,217
Cellulomonadaceae,696
Desulfolunaceae,122
Magnetospiraceae,718
Kordiimonadaceae,166
Dehalococcoidaceae,297
Endomicrobiaceae,354
Rubritaleaceae,869
Barnesiellaceae,1029
Syntrophotaleaceae,203
Hydrogenimonadaceae,23
Haliangiaceae,800
Terasakiellaceae,223
Chlorobiaceae,489
Budviciaceae,96
Paraspirulinaceae,286
Hyphomonadaceae,2515
Halanaerobiaceae,437
Oleiphilaceae,99
Granulosicoccaceae,121
Saccharospirillaceae,775
Abditibacteriaceae,240
Calditrichaceae,199
Gloeocapsaceae,30
Cryomorphaceae,1556
Desulfobulbaceae,733
Desulfomonilaceae,365
Oceanospirillaceae,31
Gimesiaceae,208
Pseudohongiellaceae,692
Nodosilineaceae,354
Chloroflexaceae,675
Fibrobacteraceae,699
Marinococcaceae,241
Chitinibacteraceae,157
Wohlfahrtiimonadaceae,108
Moorellaceae,90
Porticoccaceae,875
Sporolactobacillaceae,275
Salisediminibacteriaceae,239
Schlesneriaceae,164
Bacteriovoracaceae,755
Pyrinomonadaceae,1266
Competibacteraceae,308
Alicyclobacillaceae,1149
Pleomorphomonadaceae,208
Rhodobiaceae,98
Anaerofustaceae,64
Nitrococcales Incertae Sedis,23
Oligoflexaceae,272
Sporomusaceae,730
Elsteraceae,92
Litoricolaceae,98
Holophagaceae,361
Methylomirabilaceae,267
Coprothermobacteraceae,379
Kiritimatiellaceae,339
Muribaculaceae,163
Psychromonadaceae,265
Thermincolaceae,321
Trueperaceae,551
Magnetococcaceae,273
Kiloniellaceae,599
Paracaedibacteraceae,254
Microtrichaceae,2200
Geothermobacteraceae,69
Caedibacteraceae,59
Parachlamydiaceae,155
AB-539-J10,66
Bogoriellaceae,124
Nakamurellaceae,209
Sedimenticolaceae,625
Gaiellaceae,385
Ethanoligenenaceae,158
Dethiosulfatibacteraceae,101
Dissulfuribacteraceae,142
Xenococcaceae,220
Anaeromyxobacteraceae,182
Sulfuricellaceae,488
Tsukamurellaceae,264
Crocinitomicaceae,863
Roseiflexaceae,321
Scalinduaceae,266
Hahellaceae,76
Syntrophobotulaceae,112
Sulfobacillaceae,277
Reyranellaceae,634
Acidiferrobacteraceae,292
Thermacetogeniaceae,129
Chitinimonadaceae,98
Hydrogenedensaceae,102
Kaistiaceae,72
Vagococcaceae,222
Geodermatophilaceae,627
Kosmotogaceae,175
Piscirickettsiaceae,288
Smithellaceae,302
Rubrobacteriaceae,466
Desulfuromonadaceae,261
Entomoplasmataceae,287
Xiphinematobacteraceae,118
Catellicoccaceae,136
Demequinaceae,143
Sneathiellaceae,80
Kangiellaceae,160
Solirubrobacteraceae,755
Methylococcaceae,187
Methylacidiphilaceae,240
Acidimicrobiaceae,185
Desulfurellaceae,41
Geopsychrobacteraceae,132
Desertifilaceae,119
Tenderiaceae,80
Ardenticatenaceae,109
Schleiferiaceae,133
Parvularculaceae,189
Ferrovibrionaceae,70
Thermoactinomycetaceae,561
Thermotaleaceae,55
Fervidobacteriaceae,207
Coriobacteriales Incertae Sedis,103
Methyloligellaceae,576
Natranaerobiaceae,39
Heliobacteriaceae,144
Latescibacteraceae,167
Brocadiaceae,417
Caldatribacteriaceae,117
Lentisphaeraceae,50
Aneurinibacillaceae,301
Dethiobacteraceae,191
Thalassospiraceae,522
Micropepsaceae,302
Chlamydiales Incertae Sedis,58
Holosporaceae,187
Entotheonellaceae,89
Gloeobacteraceae,45
Vicinamibacteraceae,202
Frankiaceae,334
Thalassobaculaceae,35
Dermacoccaceae,318
Caldicoprobacteraceae,220
Caminicellaceae,126
Desulfonatronovibrionaceae,37
Thermodesulfovibrionaceae,114
Rhodomicrobiaceae,134
Geminicoccaceae,142
Inquilinaceae,108
Pseudanabaenaceae,229
Acidaminobacteraceae,80
Garciellaceae,26
Williamwhitmaniaceae,233
Thiohalorhabdaceae,86
Halobacteroidaceae,111
Chloracidobacteriaceae,24
Oscillatoriaceae,206
Thioalkalispiraceae,238
Syntrophorhabdaceae,303
Thermoflexaceae,86
Ignavibacteriaceae,245
Sanguibacteraceae,160
Caldisericaceae,43
Thermodesulfobacteriaceae,153
Oceanibaculaceae,26
Nisaeaceae,116
Nannocystaceae,217
Ammonificaceae,51
Cycloclasticaceae,200
Dictyoglomaceae,20
Euzebyaceae,179
Desulfitibacteraceae,65
Terrimicrobiaceae,147
Haloplasmataceae,45
Oligosphaeraceae,147
Puniceispirillales Incertae Sedis,40
Oxobacteraceae,83
Enterobacterales Incertae Sedis,28
Prochloraceae,51
Acanthopleuribacteraceae,42
Obscuribacteraceae,43
Salinisphaeraceae,71
Thioalkalibacteraceae,141
Geitlerinemaceae,110
Nitratiruptoraceae,29
Aquaspirillaceae,214
Melioribacteraceae,116
Dermatophilaceae,100
Verrucomicrobiaceae,382
Izemoplasmataceae,35
Desulfobaccaceae,107
Jonesiaceae,38
Thermotogaceae,123
Silvanigrellaceae,57
Chloroherpetonaceae,31
Kallotenuaceae,22
Rs-E47 termite group,94
Catenulisporaceae,38
Simkaniaceae,123
Thermosynechococcaceae,106
Desulfoplanaceae,131
Longimicrobiaceae,67
Segniliparaceae,48
Defluviicoccaceae,120
Herpetosiphonaceae,30
Acidothermaceae,154
Desulfurobacteriaceae,45
SAR116 clade,47
Ferrovaceae,134
Tepidisphaeraceae,32
Victivallaceae,69
Desulforudaceae,68
Actinospicaceae,64
Tistrellaceae,72
Thermopetrobacteraceae,21
Magnetobacteriaceae,24
Acidimicrobiales Incertae Sedis,23
Defferrisomataceae,32
Elusimicrobiaceae,31
Methylohalobiaceae,21
Brevinemataceae,26
Acidihalobacteraceae,20
Raineyaceae,32
Mesoaciditogaceae,31
Actinomycetales Incertae Sedis,48
Desulfofervidaceae,25
Carboxydothermaceae,23
Methylopilaceae,35
Gallaecimonadaceae,21
Armatimonadaceae,34
Bernardetiaceae,20
Synechococcaceae,35
Caldalkalibacillaceae,22
Cyanobacteriales Incertae Sedis,23
Proteiniboraceae,33
Desulfarculaceae,45
Brachyspirales Incertae Sedis,52
Cryptosporangiaceae,28
Geoalkalibacteraceae,31
Leptococcaceae,49
Beutenbergiaceae,27
Vulgatibacteraceae,22
Iodidimonadaceae,33
Kryptoniaceae,31
Acaryochloridaceae,20
